largeString	inserts	JDK_HASH_MAP	3000000	1235281454	137365504
largeString	deletes	JDK_HASH_MAP	3000000	1370050560	524288
largeString	reads	JDK_HASH_MAP	3000000	571464462	524288
largeString	readMisses	JDK_HASH_MAP	3000000	1084165449	524288
largeString	readsAfterDeletingHalf	JDK_HASH_MAP	3000000	191216586	524288
largeString	inserts	JDK_LINKED_HASH_MAP	3000000	1107770689	162007040
largeString	deletes	JDK_LINKED_HASH_MAP	3000000	1475711768	524288
largeString	reads	JDK_LINKED_HASH_MAP	3000000	773358389	524288
largeString	readMisses	JDK_LINKED_HASH_MAP	3000000	1117257948	1048576
largeString	readsAfterDeletingHalf	JDK_LINKED_HASH_MAP	3000000	417820162	524288
largeString	inserts	JDK_TREE_MAP	3000000	7567557354	120586240
largeString	deletes	JDK_TREE_MAP	3000000	6754448407	1048576
largeString	reads	JDK_TREE_MAP	3000000	7034282159	1048576
largeString	readMisses	JDK_TREE_MAP	3000000	7829790502	1048576
largeString	readsAfterDeletingHalf	JDK_TREE_MAP	3000000	239979026	524288
largeString	inserts	JDK_HASH_MAP	2800000	778881018	131598336
largeString	deletes	JDK_HASH_MAP	2800000	1075118079	524288
largeString	reads	JDK_HASH_MAP	2800000	784941723	524288
largeString	readMisses	JDK_HASH_MAP	2800000	894936041	524288
largeString	readsAfterDeletingHalf	JDK_HASH_MAP	2800000	220968410	524288
largeString	inserts	JDK_LINKED_HASH_MAP	2800000	1017756120	154142720
largeString	deletes	JDK_LINKED_HASH_MAP	2800000	1125247538	524288
largeString	reads	JDK_LINKED_HASH_MAP	2800000	589116433	1048576
largeString	readMisses	JDK_LINKED_HASH_MAP	2800000	938299372	524288
largeString	readsAfterDeletingHalf	JDK_LINKED_HASH_MAP	2800000	233762909	524288
largeString	inserts	JDK_TREE_MAP	2800000	5894101808	112197632
largeString	deletes	JDK_TREE_MAP	2800000	5946988632	1048576
largeString	reads	JDK_TREE_MAP	2800000	5040898178	1048576
largeString	readMisses	JDK_TREE_MAP	2800000	6681279895	1048576
largeString	readsAfterDeletingHalf	JDK_TREE_MAP	2800000	225824818	524288
largeString	inserts	JDK_HASH_MAP	2600000	905941681	122683392
largeString	deletes	JDK_HASH_MAP	2600000	952416112	524288
largeString	reads	JDK_HASH_MAP	2600000	529213607	524288
largeString	readMisses	JDK_HASH_MAP	2600000	714853514	524288
largeString	readsAfterDeletingHalf	JDK_HASH_MAP	2600000	212813549	524288
largeString	inserts	JDK_LINKED_HASH_MAP	2600000	909943835	143654912
largeString	deletes	JDK_LINKED_HASH_MAP	2600000	1211334088	524288
largeString	reads	JDK_LINKED_HASH_MAP	2600000	747508656	524288
largeString	readMisses	JDK_LINKED_HASH_MAP	2600000	829415584	524288
largeString	readsAfterDeletingHalf	JDK_LINKED_HASH_MAP	2600000	207569540	524288
largeString	inserts	JDK_TREE_MAP	2600000	5763802969	104857600
largeString	deletes	JDK_TREE_MAP	2600000	5417834576	1048576
largeString	reads	JDK_TREE_MAP	2600000	5825335093	1048576
largeString	readMisses	JDK_TREE_MAP	2600000	5934697191	524288
largeString	readsAfterDeletingHalf	JDK_TREE_MAP	2600000	195093280	524288
largeString	inserts	JDK_HASH_MAP	2400000	722780512	116391936
largeString	deletes	JDK_HASH_MAP	2400000	966502325	524288
largeString	reads	JDK_HASH_MAP	2400000	659797155	524288
largeString	readMisses	JDK_HASH_MAP	2400000	759252561	524288
largeString	readsAfterDeletingHalf	JDK_HASH_MAP	2400000	191247320	524288
largeString	inserts	JDK_LINKED_HASH_MAP	2400000	849232752	135792640
largeString	deletes	JDK_LINKED_HASH_MAP	2400000	1128768495	524288
largeString	reads	JDK_LINKED_HASH_MAP	2400000	623023255	524288
largeString	readMisses	JDK_LINKED_HASH_MAP	2400000	767037337	524288
largeString	readsAfterDeletingHalf	JDK_LINKED_HASH_MAP	2400000	195934119	524288
largeString	inserts	JDK_TREE_MAP	2400000	5232985240	96468992
largeString	deletes	JDK_TREE_MAP	2400000	4936544857	524288
largeString	reads	JDK_TREE_MAP	2400000	5102357301	1030840
largeString	readMisses	JDK_TREE_MAP	2400000	4993259023	1033176
largeString	readsAfterDeletingHalf	JDK_TREE_MAP	2400000	172397346	524288
largeString	inserts	JDK_HASH_MAP	2200000	634792189	110100480
largeString	deletes	JDK_HASH_MAP	2200000	668687378	1048216
largeString	reads	JDK_HASH_MAP	2200000	431311860	524288
largeString	readMisses	JDK_HASH_MAP	2200000	628076140	524288
largeString	readsAfterDeletingHalf	JDK_HASH_MAP	2200000	246147644	524288
largeString	inserts	JDK_LINKED_HASH_MAP	2200000	734210732	127926272
largeString	deletes	JDK_LINKED_HASH_MAP	2200000	854191313	524288
largeString	reads	JDK_LINKED_HASH_MAP	2200000	550496057	524288
largeString	readMisses	JDK_LINKED_HASH_MAP	2200000	618902977	524288
largeString	readsAfterDeletingHalf	JDK_LINKED_HASH_MAP	2200000	148467246	524288
largeString	inserts	JDK_TREE_MAP	2200000	4078807757	88606720
largeString	deletes	JDK_TREE_MAP	2200000	4455144235	524288
largeString	reads	JDK_TREE_MAP	2200000	3935524597	524288
largeString	readMisses	JDK_TREE_MAP	2200000	4650617280	524288
largeString	readsAfterDeletingHalf	JDK_TREE_MAP	2200000	149459511	524288
largeString	inserts	JDK_HASH_MAP	2000000	657616768	103809024
largeString	deletes	JDK_HASH_MAP	2000000	614219375	524288
largeString	reads	JDK_HASH_MAP	2000000	381436909	524288
largeString	readMisses	JDK_HASH_MAP	2000000	583123355	524288
largeString	readsAfterDeletingHalf	JDK_HASH_MAP	2000000	128337927	524288
largeString	inserts	JDK_LINKED_HASH_MAP	2000000	772369798	119537664
largeString	deletes	JDK_LINKED_HASH_MAP	2000000	824496261	524288
largeString	reads	JDK_LINKED_HASH_MAP	2000000	529411407	524288
largeString	readMisses	JDK_LINKED_HASH_MAP	2000000	560377882	620688
largeString	readsAfterDeletingHalf	JDK_LINKED_HASH_MAP	2000000	153646261	524288
largeString	inserts	JDK_TREE_MAP	2000000	3787548958	80218112
largeString	deletes	JDK_TREE_MAP	2000000	3804726786	524288
largeString	reads	JDK_TREE_MAP	2000000	4184011768	524288
largeString	readMisses	JDK_TREE_MAP	2000000	4880349223	524288
largeString	readsAfterDeletingHalf	JDK_TREE_MAP	2000000	137709577	524288
largeString	inserts	JDK_HASH_MAP	1800000	602983721	97517568
largeString	deletes	JDK_HASH_MAP	1800000	609811978	524288
largeString	reads	JDK_HASH_MAP	1800000	406430622	524288
largeString	readMisses	JDK_HASH_MAP	1800000	480277747	524288
largeString	readsAfterDeletingHalf	JDK_HASH_MAP	1800000	105280285	524288
largeString	inserts	JDK_LINKED_HASH_MAP	1800000	656113378	112197632
largeString	deletes	JDK_LINKED_HASH_MAP	1800000	777250567	524288
largeString	reads	JDK_LINKED_HASH_MAP	1800000	454203531	524288
largeString	readMisses	JDK_LINKED_HASH_MAP	1800000	498025906	524288
largeString	readsAfterDeletingHalf	JDK_LINKED_HASH_MAP	1800000	120342663	524288
largeString	inserts	JDK_TREE_MAP	1800000	3114347133	72351744
largeString	deletes	JDK_TREE_MAP	1800000	3332412843	552264
largeString	reads	JDK_TREE_MAP	1800000	3224966041	552304
largeString	readMisses	JDK_TREE_MAP	1800000	3532246701	524288
largeString	readsAfterDeletingHalf	JDK_TREE_MAP	1800000	134326810	524288
largeString	inserts	JDK_HASH_MAP	1600000	637941826	90703872
largeString	deletes	JDK_HASH_MAP	1600000	573201180	524288
largeString	reads	JDK_HASH_MAP	1600000	393113610	524288
largeString	readMisses	JDK_HASH_MAP	1600000	393785251	524288
largeString	readsAfterDeletingHalf	JDK_HASH_MAP	1600000	118306307	524288
largeString	inserts	JDK_LINKED_HASH_MAP	1600000	606728881	103809024
largeString	deletes	JDK_LINKED_HASH_MAP	1600000	705872359	524288
largeString	reads	JDK_LINKED_HASH_MAP	1600000	396763076	524288
largeString	readMisses	JDK_LINKED_HASH_MAP	1600000	474462180	524288
largeString	readsAfterDeletingHalf	JDK_LINKED_HASH_MAP	1600000	123735387	524288
largeString	inserts	JDK_TREE_MAP	1600000	2982693542	64489472
largeString	deletes	JDK_TREE_MAP	1600000	2760785063	532224
largeString	reads	JDK_TREE_MAP	1600000	2734515139	524288
largeString	readMisses	JDK_TREE_MAP	1600000	2856856823	524288
largeString	readsAfterDeletingHalf	JDK_TREE_MAP	1600000	98120654	524288
largeString	inserts	JDK_HASH_MAP	1400000	428530742	66586624
largeString	deletes	JDK_HASH_MAP	1400000	494338839	524288
largeString	reads	JDK_HASH_MAP	1400000	346466986	524288
largeString	readMisses	JDK_HASH_MAP	1400000	448833254	524288
largeString	readsAfterDeletingHalf	JDK_HASH_MAP	1400000	105597817	524288
largeString	inserts	JDK_LINKED_HASH_MAP	1400000	435763613	77594624
largeString	deletes	JDK_LINKED_HASH_MAP	1400000	615830844	524288
largeString	reads	JDK_LINKED_HASH_MAP	1400000	286139028	524288
largeString	readMisses	JDK_LINKED_HASH_MAP	1400000	449943791	524288
largeString	readsAfterDeletingHalf	JDK_LINKED_HASH_MAP	1400000	108899586	524288
largeString	inserts	JDK_TREE_MAP	1400000	2633782391	56100864
largeString	deletes	JDK_TREE_MAP	1400000	2508691954	524288
largeString	reads	JDK_TREE_MAP	1400000	2711484883	532496
largeString	readMisses	JDK_TREE_MAP	1400000	3203535081	524288
largeString	readsAfterDeletingHalf	JDK_TREE_MAP	1400000	95645648	524288
largeString	inserts	JDK_HASH_MAP	1200000	361055370	60295168
largeString	deletes	JDK_HASH_MAP	1200000	426763342	524288
largeString	reads	JDK_HASH_MAP	1200000	294136301	524288
largeString	readMisses	JDK_HASH_MAP	1200000	362073542	524288
largeString	readsAfterDeletingHalf	JDK_HASH_MAP	1200000	87385218	524288
largeString	inserts	JDK_LINKED_HASH_MAP	1200000	397787249	69732352
largeString	deletes	JDK_LINKED_HASH_MAP	1200000	514222944	524288
largeString	reads	JDK_LINKED_HASH_MAP	1200000	299836650	529760
largeString	readMisses	JDK_LINKED_HASH_MAP	1200000	372097833	524288
largeString	readsAfterDeletingHalf	JDK_LINKED_HASH_MAP	1200000	98437267	524288
largeString	inserts	JDK_TREE_MAP	1200000	2070087600	48234496
largeString	deletes	JDK_TREE_MAP	1200000	1982670488	529784
largeString	reads	JDK_TREE_MAP	1200000	2152770686	524288
largeString	readMisses	JDK_TREE_MAP	1200000	2663012854	529800
largeString	readsAfterDeletingHalf	JDK_TREE_MAP	1200000	90929395	524288
largeString	inserts	JDK_HASH_MAP	1000000	302262419	54003712
largeString	deletes	JDK_HASH_MAP	1000000	278241865	524288
largeString	reads	JDK_HASH_MAP	1000000	238223639	524288
largeString	readMisses	JDK_HASH_MAP	1000000	292075187	524288
largeString	readsAfterDeletingHalf	JDK_HASH_MAP	1000000	71814351	524288
largeString	inserts	JDK_LINKED_HASH_MAP	1000000	328149713	61865984
largeString	deletes	JDK_LINKED_HASH_MAP	1000000	416888520	524288
largeString	reads	JDK_LINKED_HASH_MAP	1000000	240724180	524288
largeString	readMisses	JDK_LINKED_HASH_MAP	1000000	298892641	524288
largeString	readsAfterDeletingHalf	JDK_LINKED_HASH_MAP	1000000	76492981	524288
largeString	inserts	JDK_TREE_MAP	1000000	1687602709	40372224
largeString	deletes	JDK_TREE_MAP	1000000	1583144425	524288
largeString	reads	JDK_TREE_MAP	1000000	1721334985	524288
largeString	readMisses	JDK_TREE_MAP	1000000	2088271187	529632
largeString	readsAfterDeletingHalf	JDK_TREE_MAP	1000000	69295138	524288
largeString	inserts	JDK_HASH_MAP	800000	263222312	47185920
largeString	deletes	JDK_HASH_MAP	800000	278702358	524288
largeString	reads	JDK_HASH_MAP	800000	181671417	524288
largeString	readMisses	JDK_HASH_MAP	800000	220586258	524288
largeString	readsAfterDeletingHalf	JDK_HASH_MAP	800000	50976580	524288
largeString	inserts	JDK_LINKED_HASH_MAP	800000	291660338	54003712
largeString	deletes	JDK_LINKED_HASH_MAP	800000	331616487	524288
largeString	reads	JDK_LINKED_HASH_MAP	800000	185352018	524288
largeString	readMisses	JDK_LINKED_HASH_MAP	800000	209564006	524288
largeString	readsAfterDeletingHalf	JDK_LINKED_HASH_MAP	800000	55784604	524288
largeString	inserts	JDK_TREE_MAP	800000	1301914834	32505856
largeString	deletes	JDK_TREE_MAP	800000	1174456001	524288
largeString	reads	JDK_TREE_MAP	800000	1187943680	529384
largeString	readMisses	JDK_TREE_MAP	800000	1458375446	524288
largeString	readsAfterDeletingHalf	JDK_TREE_MAP	800000	45735350	524288
largeString	inserts	JDK_HASH_MAP	600000	139913112	31457280
largeString	deletes	JDK_HASH_MAP	600000	184918550	524288
largeString	reads	JDK_HASH_MAP	600000	130985200	524288
largeString	readMisses	JDK_HASH_MAP	600000	164985139	524288
largeString	readsAfterDeletingHalf	JDK_HASH_MAP	600000	38773163	524288
largeString	inserts	JDK_LINKED_HASH_MAP	600000	160497900	36177920
largeString	deletes	JDK_LINKED_HASH_MAP	600000	179328625	524288
largeString	reads	JDK_LINKED_HASH_MAP	600000	133965291	524288
largeString	readMisses	JDK_LINKED_HASH_MAP	600000	178221950	524288
largeString	readsAfterDeletingHalf	JDK_LINKED_HASH_MAP	600000	38031473	524288
largeString	inserts	JDK_TREE_MAP	600000	870485605	24117248
largeString	deletes	JDK_TREE_MAP	600000	692308752	524288
largeString	reads	JDK_TREE_MAP	600000	908129452	524288
largeString	readMisses	JDK_TREE_MAP	600000	1072824961	524288
largeString	readsAfterDeletingHalf	JDK_TREE_MAP	600000	41774258	524288
largeString	inserts	JDK_HASH_MAP	400000	104567262	25165824
largeString	deletes	JDK_HASH_MAP	400000	121207296	524288
largeString	reads	JDK_HASH_MAP	400000	79269923	524288
largeString	readMisses	JDK_HASH_MAP	400000	102856950	524288
largeString	readsAfterDeletingHalf	JDK_HASH_MAP	400000	22262244	524288
largeString	inserts	JDK_LINKED_HASH_MAP	400000	118346097	28311552
largeString	deletes	JDK_LINKED_HASH_MAP	400000	147118513	524288
largeString	reads	JDK_LINKED_HASH_MAP	400000	84020670	524288
largeString	readMisses	JDK_LINKED_HASH_MAP	400000	100916652	524288
largeString	readsAfterDeletingHalf	JDK_LINKED_HASH_MAP	400000	26405922	524288
largeString	inserts	JDK_TREE_MAP	400000	495891164	16254976
largeString	deletes	JDK_TREE_MAP	400000	480156804	524288
largeString	reads	JDK_TREE_MAP	400000	502934053	524288
largeString	readMisses	JDK_TREE_MAP	400000	627801588	527272
largeString	readsAfterDeletingHalf	JDK_TREE_MAP	400000	26112800	524288
largeString	inserts	JDK_HASH_MAP	200000	36823878	13631488
largeString	deletes	JDK_HASH_MAP	200000	50817969	524288
largeString	reads	JDK_HASH_MAP	200000	31811481	524288
largeString	readMisses	JDK_HASH_MAP	200000	42991966	524288
largeString	readsAfterDeletingHalf	JDK_HASH_MAP	200000	11705281	524288
largeString	inserts	JDK_LINKED_HASH_MAP	200000	43084474	15206400
largeString	deletes	JDK_LINKED_HASH_MAP	200000	59476111	524288
largeString	reads	JDK_LINKED_HASH_MAP	200000	33265989	524288
largeString	readMisses	JDK_LINKED_HASH_MAP	200000	51226756	524288
largeString	readsAfterDeletingHalf	JDK_LINKED_HASH_MAP	200000	12055275	524288
largeString	inserts	JDK_TREE_MAP	200000	194858166	8388608
largeString	deletes	JDK_TREE_MAP	200000	175820454	524288
largeString	reads	JDK_TREE_MAP	200000	183172220	524288
largeString	readMisses	JDK_TREE_MAP	200000	242734489	524288
largeString	readsAfterDeletingHalf	JDK_TREE_MAP	200000	12237910	524288
smallString	inserts	JDK_HASH_MAP	3000000	874969991	138414080
smallString	deletes	JDK_HASH_MAP	3000000	1123038221	524288
smallString	reads	JDK_HASH_MAP	3000000	819422762	524288
smallString	readMisses	JDK_HASH_MAP	3000000	755983649	524288
smallString	readsAfterDeletingHalf	JDK_HASH_MAP	3000000	227029730	526936
smallString	inserts	JDK_LINKED_HASH_MAP	3000000	913737984	159909888
smallString	deletes	JDK_LINKED_HASH_MAP	3000000	1315655305	1048576
smallString	reads	JDK_LINKED_HASH_MAP	3000000	806302712	524288
smallString	readMisses	JDK_LINKED_HASH_MAP	3000000	767031241	524288
smallString	readsAfterDeletingHalf	JDK_LINKED_HASH_MAP	3000000	220538374	524288
smallString	inserts	JDK_TREE_MAP	3000000	6138160761	120586240
smallString	deletes	JDK_TREE_MAP	3000000	5860686922	526936
smallString	reads	JDK_TREE_MAP	3000000	6389842053	524288
smallString	readMisses	JDK_TREE_MAP	3000000	6599461326	526936
smallString	readsAfterDeletingHalf	JDK_TREE_MAP	3000000	245531353	524288
smallString	inserts	JDK_HASH_MAP	2800000	836317369	131074048
smallString	deletes	JDK_HASH_MAP	2800000	1033268175	526936
smallString	reads	JDK_HASH_MAP	2800000	626079376	524288
smallString	readMisses	JDK_HASH_MAP	2800000	677956109	524288
smallString	readsAfterDeletingHalf	JDK_HASH_MAP	2800000	201122570	524288
smallString	inserts	JDK_LINKED_HASH_MAP	2800000	834781548	151521280
smallString	deletes	JDK_LINKED_HASH_MAP	2800000	1269541193	524288
smallString	reads	JDK_LINKED_HASH_MAP	2800000	747568398	524288
smallString	readMisses	JDK_LINKED_HASH_MAP	2800000	693971658	524288
smallString	readsAfterDeletingHalf	JDK_LINKED_HASH_MAP	2800000	212730156	524288
smallString	inserts	JDK_TREE_MAP	2800000	5656513008	112197632
smallString	deletes	JDK_TREE_MAP	2800000	5019003147	524288
smallString	reads	JDK_TREE_MAP	2800000	5777484096	526936
smallString	readMisses	JDK_TREE_MAP	2800000	6481185775	526936
smallString	readsAfterDeletingHalf	JDK_TREE_MAP	2800000	186164538	524288
smallString	inserts	JDK_HASH_MAP	2600000	1165667755	123731968
smallString	deletes	JDK_HASH_MAP	2600000	803584888	524288
smallString	reads	JDK_HASH_MAP	2600000	539406947	524288
smallString	readMisses	JDK_HASH_MAP	2600000	499765830	524288
smallString	readsAfterDeletingHalf	JDK_HASH_MAP	2600000	160776542	524288
smallString	inserts	JDK_LINKED_HASH_MAP	2600000	809045331	145229824
smallString	deletes	JDK_LINKED_HASH_MAP	2600000	921929867	524288
smallString	reads	JDK_LINKED_HASH_MAP	2600000	515009873	524288
smallString	readMisses	JDK_LINKED_HASH_MAP	2600000	504317575	524288
smallString	readsAfterDeletingHalf	JDK_LINKED_HASH_MAP	2600000	162084734	524288
smallString	inserts	JDK_TREE_MAP	2600000	4071233781	104335360
smallString	deletes	JDK_TREE_MAP	2600000	4384646875	524288
smallString	reads	JDK_TREE_MAP	2600000	4638544909	524288
smallString	readMisses	JDK_TREE_MAP	2600000	6081730519	524288
smallString	readsAfterDeletingHalf	JDK_TREE_MAP	2600000	188435057	524288
smallString	inserts	JDK_HASH_MAP	2400000	765985408	117964800
smallString	deletes	JDK_HASH_MAP	2400000	855592655	524288
smallString	reads	JDK_HASH_MAP	2400000	609154832	524288
smallString	readMisses	JDK_HASH_MAP	2400000	542454404	524288
smallString	readsAfterDeletingHalf	JDK_HASH_MAP	2400000	175934817	524288
smallString	inserts	JDK_LINKED_HASH_MAP	2400000	747886352	137343168
smallString	deletes	JDK_LINKED_HASH_MAP	2400000	1107517741	524288
smallString	reads	JDK_LINKED_HASH_MAP	2400000	631346407	526936
smallString	readMisses	JDK_LINKED_HASH_MAP	2400000	439539782	524288
smallString	readsAfterDeletingHalf	JDK_LINKED_HASH_MAP	2400000	180213580	524288
smallString	inserts	JDK_TREE_MAP	2400000	4261874353	96468992
smallString	deletes	JDK_TREE_MAP	2400000	4482653180	526936
smallString	reads	JDK_TREE_MAP	2400000	4662307409	526936
smallString	readMisses	JDK_TREE_MAP	2400000	4804565863	526936
smallString	readsAfterDeletingHalf	JDK_TREE_MAP	2400000	177207810	524288
smallString	inserts	JDK_HASH_MAP	2200000	734743528	112197632
smallString	deletes	JDK_HASH_MAP	2200000	768752990	524288
smallString	reads	JDK_HASH_MAP	2200000	416582808	524288
smallString	readMisses	JDK_HASH_MAP	2200000	424186632	524288
smallString	readsAfterDeletingHalf	JDK_HASH_MAP	2200000	157340865	524288
smallString	inserts	JDK_LINKED_HASH_MAP	2200000	637910235	129501184
smallString	deletes	JDK_LINKED_HASH_MAP	2200000	894697368	524288
smallString	reads	JDK_LINKED_HASH_MAP	2200000	417184653	524288
smallString	readMisses	JDK_LINKED_HASH_MAP	2200000	456414291	524288
smallString	readsAfterDeletingHalf	JDK_LINKED_HASH_MAP	2200000	161622301	524288
smallString	inserts	JDK_TREE_MAP	2200000	4119320042	88606720
smallString	deletes	JDK_TREE_MAP	2200000	3920163414	526936
smallString	reads	JDK_TREE_MAP	2200000	4350298942	526936
smallString	readMisses	JDK_TREE_MAP	2200000	4466543315	526936
smallString	readsAfterDeletingHalf	JDK_TREE_MAP	2200000	152898790	524288
smallString	inserts	JDK_HASH_MAP	2000000	666721185	104857600
smallString	deletes	JDK_HASH_MAP	2000000	570302318	524288
smallString	reads	JDK_HASH_MAP	2000000	463023724	524288
smallString	readMisses	JDK_HASH_MAP	2000000	358369190	524288
smallString	readsAfterDeletingHalf	JDK_HASH_MAP	2000000	120626313	524288
smallString	inserts	JDK_LINKED_HASH_MAP	2000000	683030699	120586240
smallString	deletes	JDK_LINKED_HASH_MAP	2000000	866998687	526936
smallString	reads	JDK_LINKED_HASH_MAP	2000000	440808350	524288
smallString	readMisses	JDK_LINKED_HASH_MAP	2000000	413714066	524288
smallString	readsAfterDeletingHalf	JDK_LINKED_HASH_MAP	2000000	145149461	524288
smallString	inserts	JDK_TREE_MAP	2000000	3471608744	80218112
smallString	deletes	JDK_TREE_MAP	2000000	3367808774	524288
smallString	reads	JDK_TREE_MAP	2000000	3840088325	524288
smallString	readMisses	JDK_TREE_MAP	2000000	4433368095	524288
smallString	readsAfterDeletingHalf	JDK_TREE_MAP	2000000	136393452	524288
smallString	inserts	JDK_HASH_MAP	1800000	568131307	100139008
smallString	deletes	JDK_HASH_MAP	1800000	648996550	524288
smallString	reads	JDK_HASH_MAP	1800000	449403163	524288
smallString	readMisses	JDK_HASH_MAP	1800000	292112830	524288
smallString	readsAfterDeletingHalf	JDK_HASH_MAP	1800000	130051500	524288
smallString	inserts	JDK_LINKED_HASH_MAP	1800000	570632582	113246208
smallString	deletes	JDK_LINKED_HASH_MAP	1800000	692900424	524288
smallString	reads	JDK_LINKED_HASH_MAP	1800000	350255841	524288
smallString	readMisses	JDK_LINKED_HASH_MAP	1800000	300064992	524288
smallString	readsAfterDeletingHalf	JDK_LINKED_HASH_MAP	1800000	131017932	524288
smallString	inserts	JDK_TREE_MAP	1800000	3169516524	72351744
smallString	deletes	JDK_TREE_MAP	1800000	3059311114	526936
smallString	reads	JDK_TREE_MAP	1800000	3350022270	524288
smallString	readMisses	JDK_TREE_MAP	1800000	3335811577	524288
smallString	readsAfterDeletingHalf	JDK_TREE_MAP	1800000	133576118	524288
smallString	inserts	JDK_HASH_MAP	1600000	527544468	92801024
smallString	deletes	JDK_HASH_MAP	1600000	495066667	524288
smallString	reads	JDK_HASH_MAP	1600000	378176819	524288
smallString	readMisses	JDK_HASH_MAP	1600000	244435642	524288
smallString	readsAfterDeletingHalf	JDK_HASH_MAP	1600000	107735788	524288
smallString	inserts	JDK_LINKED_HASH_MAP	1600000	586218886	105383936
smallString	deletes	JDK_LINKED_HASH_MAP	1600000	561322821	524288
smallString	reads	JDK_LINKED_HASH_MAP	1600000	370622117	524288
smallString	readMisses	JDK_LINKED_HASH_MAP	1600000	272792375	524288
smallString	readsAfterDeletingHalf	JDK_LINKED_HASH_MAP	1600000	93304989	524288
smallString	inserts	JDK_TREE_MAP	1600000	2659651217	64489472
smallString	deletes	JDK_TREE_MAP	1600000	2644967942	524288
smallString	reads	JDK_TREE_MAP	1600000	2398889784	524288
smallString	readMisses	JDK_TREE_MAP	1600000	3245311979	526936
smallString	readsAfterDeletingHalf	JDK_TREE_MAP	1600000	105240822	524288
smallString	inserts	JDK_HASH_MAP	1400000	341265154	68683776
smallString	deletes	JDK_HASH_MAP	1400000	372944982	524288
smallString	reads	JDK_HASH_MAP	1400000	253689967	524288
smallString	readMisses	JDK_HASH_MAP	1400000	248265875	526936
smallString	readsAfterDeletingHalf	JDK_HASH_MAP	1400000	97446822	524288
smallString	inserts	JDK_LINKED_HASH_MAP	1400000	358017272	79691776
smallString	deletes	JDK_LINKED_HASH_MAP	1400000	454599217	524288
smallString	reads	JDK_LINKED_HASH_MAP	1400000	255810370	524288
smallString	readMisses	JDK_LINKED_HASH_MAP	1400000	252244491	524288
smallString	readsAfterDeletingHalf	JDK_LINKED_HASH_MAP	1400000	88157767	526936
smallString	inserts	JDK_TREE_MAP	1400000	2210850098	56100864
smallString	deletes	JDK_TREE_MAP	1400000	1856536644	524288
smallString	reads	JDK_TREE_MAP	1400000	2275325279	524288
smallString	readMisses	JDK_TREE_MAP	1400000	2443045417	526936
smallString	readsAfterDeletingHalf	JDK_TREE_MAP	1400000	90918585	524288
smallString	inserts	JDK_HASH_MAP	1200000	325101063	60819456
smallString	deletes	JDK_HASH_MAP	1200000	405025574	524288
smallString	reads	JDK_HASH_MAP	1200000	273030827	524288
smallString	readMisses	JDK_HASH_MAP	1200000	196048910	526936
smallString	readsAfterDeletingHalf	JDK_HASH_MAP	1200000	74732442	524288
smallString	inserts	JDK_LINKED_HASH_MAP	1200000	343411066	71827456
smallString	deletes	JDK_LINKED_HASH_MAP	1200000	403959929	524288
smallString	reads	JDK_LINKED_HASH_MAP	1200000	232836897	524288
smallString	readMisses	JDK_LINKED_HASH_MAP	1200000	244295470	524288
smallString	readsAfterDeletingHalf	JDK_LINKED_HASH_MAP	1200000	80868902	524288
smallString	inserts	JDK_TREE_MAP	1200000	1475272527	48234496
smallString	deletes	JDK_TREE_MAP	1200000	1952332321	524288
smallString	reads	JDK_TREE_MAP	1200000	2005295592	526936
smallString	readMisses	JDK_TREE_MAP	1200000	2138712058	524288
smallString	readsAfterDeletingHalf	JDK_TREE_MAP	1200000	85432266	524288
smallString	inserts	JDK_HASH_MAP	1000000	279050856	56100864
smallString	deletes	JDK_HASH_MAP	1000000	329725631	524288
smallString	reads	JDK_HASH_MAP	1000000	169658741	524288
smallString	readMisses	JDK_HASH_MAP	1000000	150584108	524288
smallString	readsAfterDeletingHalf	JDK_HASH_MAP	1000000	63733825	524288
smallString	inserts	JDK_LINKED_HASH_MAP	1000000	303614546	63965184
smallString	deletes	JDK_LINKED_HASH_MAP	1000000	420137596	524288
smallString	reads	JDK_LINKED_HASH_MAP	1000000	220694380	524288
smallString	readMisses	JDK_LINKED_HASH_MAP	1000000	152484941	524288
smallString	readsAfterDeletingHalf	JDK_LINKED_HASH_MAP	1000000	64664432	524288
smallString	inserts	JDK_TREE_MAP	1000000	1512333564	40372224
smallString	deletes	JDK_TREE_MAP	1000000	1544087748	526936
smallString	reads	JDK_TREE_MAP	1000000	1559969357	524288
smallString	readMisses	JDK_TREE_MAP	1000000	1418679038	524288
smallString	readsAfterDeletingHalf	JDK_TREE_MAP	1000000	64601148	524288
smallString	inserts	JDK_HASH_MAP	800000	227718161	49283072
smallString	deletes	JDK_HASH_MAP	800000	266960171	524288
smallString	reads	JDK_HASH_MAP	800000	135144785	524288
smallString	readMisses	JDK_HASH_MAP	800000	131485197	524288
smallString	readsAfterDeletingHalf	JDK_HASH_MAP	800000	49267368	524288
smallString	inserts	JDK_LINKED_HASH_MAP	800000	268501242	56098816
smallString	deletes	JDK_LINKED_HASH_MAP	800000	272400227	526936
smallString	reads	JDK_LINKED_HASH_MAP	800000	179703705	524288
smallString	readMisses	JDK_LINKED_HASH_MAP	800000	133786362	524288
smallString	readsAfterDeletingHalf	JDK_LINKED_HASH_MAP	800000	43725462	524288
smallString	inserts	JDK_TREE_MAP	800000	889075634	32505856
smallString	deletes	JDK_TREE_MAP	800000	1110148618	524288
smallString	reads	JDK_TREE_MAP	800000	1171250803	524288
smallString	readMisses	JDK_TREE_MAP	800000	1389407537	524288
smallString	readsAfterDeletingHalf	JDK_TREE_MAP	800000	50610071	524288
smallString	inserts	JDK_HASH_MAP	600000	127835187	33554432
smallString	deletes	JDK_HASH_MAP	600000	147459334	526936
smallString	reads	JDK_HASH_MAP	600000	121954261	524288
smallString	readMisses	JDK_HASH_MAP	600000	100959225	524288
smallString	readsAfterDeletingHalf	JDK_HASH_MAP	600000	38605291	524288
smallString	inserts	JDK_LINKED_HASH_MAP	600000	140719850	37226496
smallString	deletes	JDK_LINKED_HASH_MAP	600000	227169803	524288
smallString	reads	JDK_LINKED_HASH_MAP	600000	125841680	524288
smallString	readMisses	JDK_LINKED_HASH_MAP	600000	96851920	524288
smallString	readsAfterDeletingHalf	JDK_LINKED_HASH_MAP	600000	35217758	524288
smallString	inserts	JDK_TREE_MAP	600000	713099319	24117248
smallString	deletes	JDK_TREE_MAP	600000	789963262	524288
smallString	reads	JDK_TREE_MAP	600000	814398079	524288
smallString	readMisses	JDK_TREE_MAP	600000	970704821	524288
smallString	readsAfterDeletingHalf	JDK_TREE_MAP	600000	35620237	526936
smallString	inserts	JDK_HASH_MAP	400000	102648249	25600536
smallString	deletes	JDK_HASH_MAP	400000	88709311	524288
smallString	reads	JDK_HASH_MAP	400000	57981482	524288
smallString	readMisses	JDK_HASH_MAP	400000	46720173	524288
smallString	readsAfterDeletingHalf	JDK_HASH_MAP	400000	22360267	524288
smallString	inserts	JDK_LINKED_HASH_MAP	400000	120722545	28419312
smallString	deletes	JDK_LINKED_HASH_MAP	400000	113698682	524288
smallString	reads	JDK_LINKED_HASH_MAP	400000	77323094	524288
smallString	readMisses	JDK_LINKED_HASH_MAP	400000	52138286	526936
smallString	readsAfterDeletingHalf	JDK_LINKED_HASH_MAP	400000	26292813	524288
smallString	inserts	JDK_TREE_MAP	400000	346892392	16254976
smallString	deletes	JDK_TREE_MAP	400000	456294675	524288
smallString	reads	JDK_TREE_MAP	400000	457135981	524288
smallString	readMisses	JDK_TREE_MAP	400000	556868010	524288
smallString	readsAfterDeletingHalf	JDK_TREE_MAP	400000	21596038	524288
smallString	inserts	JDK_HASH_MAP	200000	41320959	14066176
smallString	deletes	JDK_HASH_MAP	200000	39344524	524288
smallString	reads	JDK_HASH_MAP	200000	26584308	524288
smallString	readMisses	JDK_HASH_MAP	200000	17952743	524288
smallString	readsAfterDeletingHalf	JDK_HASH_MAP	200000	9651829	524288
smallString	inserts	JDK_LINKED_HASH_MAP	200000	41019971	15728640
smallString	deletes	JDK_LINKED_HASH_MAP	200000	51603507	524288
smallString	reads	JDK_LINKED_HASH_MAP	200000	29678438	524288
smallString	readMisses	JDK_LINKED_HASH_MAP	200000	21810937	524288
smallString	readsAfterDeletingHalf	JDK_LINKED_HASH_MAP	200000	9337737	524288
smallString	inserts	JDK_TREE_MAP	200000	153571439	8388608
smallString	deletes	JDK_TREE_MAP	200000	170791163	524288
smallString	reads	JDK_TREE_MAP	200000	164375228	524288
smallString	readMisses	JDK_TREE_MAP	200000	201073564	524288
smallString	readsAfterDeletingHalf	JDK_TREE_MAP	200000	10193103	524288
int64	randomShuffleInserts	JDK_HASH_MAP	3000000	776425955	135553152
int64	randomShuffleFullInserts	JDK_HASH_MAP	3000000	764781470	135666128
int64	randomShuffleFullDeletes	JDK_HASH_MAP	3000000	775016217	524288
int64	randomShuffleReads	JDK_HASH_MAP	3000000	784717978	524288
int64	randomShuffleFullReads	JDK_HASH_MAP	3000000	776966083	524288
int64	randomShuffleFullReadMisses	JDK_HASH_MAP	3000000	443533821	526936
int64	randomShuffleFullReadsAfterDeletingHalf	JDK_HASH_MAP	3000000	202212733	524288
int64	randomFullIteration	JDK_HASH_MAP	3000000	121521864	524288
int64	randomShuffleInserts	JDK_LINKED_HASH_MAP	3000000	879966001	159556912
int64	randomShuffleFullInserts	JDK_LINKED_HASH_MAP	3000000	876830445	159616544
int64	randomShuffleFullDeletes	JDK_LINKED_HASH_MAP	3000000	1075027565	526936
int64	randomShuffleReads	JDK_LINKED_HASH_MAP	3000000	800127666	524288
int64	randomShuffleFullReads	JDK_LINKED_HASH_MAP	3000000	774322283	524288
int64	randomShuffleFullReadMisses	JDK_LINKED_HASH_MAP	3000000	465812397	526936
int64	randomShuffleFullReadsAfterDeletingHalf	JDK_LINKED_HASH_MAP	3000000	209795146	524288
int64	randomFullIteration	JDK_LINKED_HASH_MAP	3000000	13904183	0
int64	randomShuffleInserts	JDK_TREE_MAP	3000000	5102873998	120586240
int64	randomShuffleFullInserts	JDK_TREE_MAP	3000000	4615289038	120586240
int64	randomShuffleFullDeletes	JDK_TREE_MAP	3000000	5195303936	524288
int64	randomShuffleReads	JDK_TREE_MAP	3000000	4974697284	524288
int64	randomShuffleFullReads	JDK_TREE_MAP	3000000	4470418986	526936
int64	randomShuffleFullReadMisses	JDK_TREE_MAP	3000000	6068293915	526936
int64	randomShuffleFullReadsAfterDeletingHalf	JDK_TREE_MAP	3000000	227968957	524288
int64	randomFullIteration	JDK_TREE_MAP	3000000	354888606	0
int64	randomShuffleInserts	JDK_HASH_MAP	2800000	707032683	129257568
int64	randomShuffleFullInserts	JDK_HASH_MAP	2800000	739715210	129396480
int64	randomShuffleFullDeletes	JDK_HASH_MAP	2800000	586138267	524288
int64	randomShuffleReads	JDK_HASH_MAP	2800000	541215574	524288
int64	randomShuffleFullReads	JDK_HASH_MAP	2800000	535626356	524288
int64	randomShuffleFullReadMisses	JDK_HASH_MAP	2800000	307430942	524288
int64	randomShuffleFullReadsAfterDeletingHalf	JDK_HASH_MAP	2800000	167167880	524288
int64	randomFullIteration	JDK_HASH_MAP	2800000	105378249	2648
int64	randomShuffleInserts	JDK_LINKED_HASH_MAP	2800000	793677286	151694288
int64	randomShuffleFullInserts	JDK_LINKED_HASH_MAP	2800000	765180505	151754224
int64	randomShuffleFullDeletes	JDK_LINKED_HASH_MAP	2800000	919812171	524288
int64	randomShuffleReads	JDK_LINKED_HASH_MAP	2800000	539218370	526936
int64	randomShuffleFullReads	JDK_LINKED_HASH_MAP	2800000	556019055	524288
int64	randomShuffleFullReadMisses	JDK_LINKED_HASH_MAP	2800000	332818897	524288
int64	randomShuffleFullReadsAfterDeletingHalf	JDK_LINKED_HASH_MAP	2800000	181646319	524288
int64	randomFullIteration	JDK_LINKED_HASH_MAP	2800000	13901187	2648
int64	randomShuffleInserts	JDK_TREE_MAP	2800000	4461387583	112197632
int64	randomShuffleFullInserts	JDK_TREE_MAP	2800000	4126832934	112197632
int64	randomShuffleFullDeletes	JDK_TREE_MAP	2800000	4854912268	526936
int64	randomShuffleReads	JDK_TREE_MAP	2800000	4304154420	526936
int64	randomShuffleFullReads	JDK_TREE_MAP	2800000	4734980762	526936
int64	randomShuffleFullReadMisses	JDK_TREE_MAP	2800000	5312015451	526936
int64	randomShuffleFullReadsAfterDeletingHalf	JDK_TREE_MAP	2800000	200869894	524288
int64	randomFullIteration	JDK_TREE_MAP	2800000	300614550	0
int64	randomShuffleInserts	JDK_HASH_MAP	2600000	721548248	122439776
int64	randomShuffleFullInserts	JDK_HASH_MAP	2600000	723365688	122519696
int64	randomShuffleFullDeletes	JDK_HASH_MAP	2600000	775658799	524288
int64	randomShuffleReads	JDK_HASH_MAP	2600000	692390582	524288
int64	randomShuffleFullReads	JDK_HASH_MAP	2600000	667858709	524288
int64	randomShuffleFullReadMisses	JDK_HASH_MAP	2600000	283933368	524288
int64	randomShuffleFullReadsAfterDeletingHalf	JDK_HASH_MAP	2600000	174130607	524288
int64	randomFullIteration	JDK_HASH_MAP	2600000	93708929	0
int64	randomShuffleInserts	JDK_LINKED_HASH_MAP	2600000	770777926	143297648
int64	randomShuffleFullInserts	JDK_LINKED_HASH_MAP	2600000	775888142	143404440
int64	randomShuffleFullDeletes	JDK_LINKED_HASH_MAP	2600000	1121503180	524288
int64	randomShuffleReads	JDK_LINKED_HASH_MAP	2600000	694868322	524288
int64	randomShuffleFullReads	JDK_LINKED_HASH_MAP	2600000	712610599	524288
int64	randomShuffleFullReadMisses	JDK_LINKED_HASH_MAP	2600000	361613233	524288
int64	randomShuffleFullReadsAfterDeletingHalf	JDK_LINKED_HASH_MAP	2600000	196801257	524288
int64	randomFullIteration	JDK_LINKED_HASH_MAP	2600000	11983956	0
int64	randomShuffleInserts	JDK_TREE_MAP	2600000	4259253434	104335360
int64	randomShuffleFullInserts	JDK_TREE_MAP	2600000	4173342146	104335360
int64	randomShuffleFullDeletes	JDK_TREE_MAP	2600000	4379348056	526936
int64	randomShuffleReads	JDK_TREE_MAP	2600000	4580171546	526936
int64	randomShuffleFullReads	JDK_TREE_MAP	2600000	3912861483	526936
int64	randomShuffleFullReadMisses	JDK_TREE_MAP	2600000	5362792408	526936
int64	randomShuffleFullReadsAfterDeletingHalf	JDK_TREE_MAP	2600000	189438434	524288
int64	randomFullIteration	JDK_TREE_MAP	2600000	368310009	2648
int64	randomShuffleInserts	JDK_HASH_MAP	2400000	674141775	116150384
int64	randomShuffleFullInserts	JDK_HASH_MAP	2400000	668703802	116287232
int64	randomShuffleFullDeletes	JDK_HASH_MAP	2400000	631290806	524288
int64	randomShuffleReads	JDK_HASH_MAP	2400000	593953172	526936
int64	randomShuffleFullReads	JDK_HASH_MAP	2400000	608187639	524288
int64	randomShuffleFullReadMisses	JDK_HASH_MAP	2400000	311465547	524288
int64	randomShuffleFullReadsAfterDeletingHalf	JDK_HASH_MAP	2400000	168313305	524288
int64	randomFullIteration	JDK_HASH_MAP	2400000	86067454	0
int64	randomShuffleInserts	JDK_LINKED_HASH_MAP	2400000	746433631	135431280
int64	randomShuffleFullInserts	JDK_LINKED_HASH_MAP	2400000	734726697	135499296
int64	randomShuffleFullDeletes	JDK_LINKED_HASH_MAP	2400000	1017944994	524288
int64	randomShuffleReads	JDK_LINKED_HASH_MAP	2400000	607797689	524288
int64	randomShuffleFullReads	JDK_LINKED_HASH_MAP	2400000	603932694	524288
int64	randomShuffleFullReadMisses	JDK_LINKED_HASH_MAP	2400000	318353393	524288
int64	randomShuffleFullReadsAfterDeletingHalf	JDK_LINKED_HASH_MAP	2400000	162535081	524288
int64	randomFullIteration	JDK_LINKED_HASH_MAP	2400000	8388905	0
int64	randomShuffleInserts	JDK_TREE_MAP	2400000	3787007178	96468992
int64	randomShuffleFullInserts	JDK_TREE_MAP	2400000	3692311399	96468992
int64	randomShuffleFullDeletes	JDK_TREE_MAP	2400000	4031556287	524288
int64	randomShuffleReads	JDK_TREE_MAP	2400000	4189528363	524288
int64	randomShuffleFullReads	JDK_TREE_MAP	2400000	4089334483	524288
int64	randomShuffleFullReadMisses	JDK_TREE_MAP	2400000	4410348642	524288
int64	randomShuffleFullReadsAfterDeletingHalf	JDK_TREE_MAP	2400000	133675152	524288
int64	randomFullIteration	JDK_TREE_MAP	2400000	253053177	0
int64	randomShuffleInserts	JDK_HASH_MAP	2200000	661152460	109860992
int64	randomShuffleFullInserts	JDK_HASH_MAP	2200000	652163988	109907288
int64	randomShuffleFullDeletes	JDK_HASH_MAP	2200000	579647597	524288
int64	randomShuffleReads	JDK_HASH_MAP	2200000	541202491	524288
int64	randomShuffleFullReads	JDK_HASH_MAP	2200000	543627234	524288
int64	randomShuffleFullReadMisses	JDK_HASH_MAP	2200000	262256736	524288
int64	randomShuffleFullReadsAfterDeletingHalf	JDK_HASH_MAP	2200000	149083650	524288
int64	randomFullIteration	JDK_HASH_MAP	2200000	80730609	0
int64	randomShuffleInserts	JDK_LINKED_HASH_MAP	2200000	696342754	127561152
int64	randomShuffleFullInserts	JDK_LINKED_HASH_MAP	2200000	711606971	127675800
int64	randomShuffleFullDeletes	JDK_LINKED_HASH_MAP	2200000	921331603	524288
int64	randomShuffleReads	JDK_LINKED_HASH_MAP	2200000	552844901	526936
int64	randomShuffleFullReads	JDK_LINKED_HASH_MAP	2200000	487198107	524288
int64	randomShuffleFullReadMisses	JDK_LINKED_HASH_MAP	2200000	285273801	524288
int64	randomShuffleFullReadsAfterDeletingHalf	JDK_LINKED_HASH_MAP	2200000	148761631	524288
int64	randomFullIteration	JDK_LINKED_HASH_MAP	2200000	10209090	2648
int64	randomShuffleInserts	JDK_TREE_MAP	2200000	3287428305	88606720
int64	randomShuffleFullInserts	JDK_TREE_MAP	2200000	3428558073	88606720
int64	randomShuffleFullDeletes	JDK_TREE_MAP	2200000	3613783409	524288
int64	randomShuffleReads	JDK_TREE_MAP	2200000	3480542327	524288
int64	randomShuffleFullReads	JDK_TREE_MAP	2200000	3744730336	524288
int64	randomShuffleFullReadMisses	JDK_TREE_MAP	2200000	4101875008	526936
int64	randomShuffleFullReadsAfterDeletingHalf	JDK_TREE_MAP	2200000	151267684	524288
int64	randomFullIteration	JDK_TREE_MAP	2200000	300321144	2648
int64	randomShuffleInserts	JDK_HASH_MAP	2000000	623492921	103567472
int64	randomShuffleFullInserts	JDK_HASH_MAP	2000000	610701306	103704320
int64	randomShuffleFullDeletes	JDK_HASH_MAP	2000000	490567030	524288
int64	randomShuffleReads	JDK_HASH_MAP	2000000	483348969	524288
int64	randomShuffleFullReads	JDK_HASH_MAP	2000000	488228400	524288
int64	randomShuffleFullReadMisses	JDK_HASH_MAP	2000000	225762031	524288
int64	randomShuffleFullReadsAfterDeletingHalf	JDK_HASH_MAP	2000000	118866833	524288
int64	randomFullIteration	JDK_HASH_MAP	2000000	72540813	0
int64	randomShuffleInserts	JDK_LINKED_HASH_MAP	2000000	663198966	119694784
int64	randomShuffleFullInserts	JDK_LINKED_HASH_MAP	2000000	668286561	119848256
int64	randomShuffleFullDeletes	JDK_LINKED_HASH_MAP	2000000	722255058	524288
int64	randomShuffleReads	JDK_LINKED_HASH_MAP	2000000	439660481	526936
int64	randomShuffleFullReads	JDK_LINKED_HASH_MAP	2000000	477352008	524288
int64	randomShuffleFullReadMisses	JDK_LINKED_HASH_MAP	2000000	244217321	524288
int64	randomShuffleFullReadsAfterDeletingHalf	JDK_LINKED_HASH_MAP	2000000	126423226	524288
int64	randomFullIteration	JDK_LINKED_HASH_MAP	2000000	9464068	2648
int64	randomShuffleInserts	JDK_TREE_MAP	2000000	2803953562	80218112
int64	randomShuffleFullInserts	JDK_TREE_MAP	2000000	2503400771	80218112
int64	randomShuffleFullDeletes	JDK_TREE_MAP	2000000	2696654199	524288
int64	randomShuffleReads	JDK_TREE_MAP	2000000	2586785302	524288
int64	randomShuffleFullReads	JDK_TREE_MAP	2000000	2582079619	526936
int64	randomShuffleFullReadMisses	JDK_TREE_MAP	2000000	3448571076	524288
int64	randomShuffleFullReadsAfterDeletingHalf	JDK_TREE_MAP	2000000	130855079	526936
int64	randomFullIteration	JDK_TREE_MAP	2000000	208124342	0
int64	randomShuffleInserts	JDK_HASH_MAP	1800000	604607143	97273952
int64	randomShuffleFullInserts	JDK_HASH_MAP	1800000	571925493	97353872
int64	randomShuffleFullDeletes	JDK_HASH_MAP	1800000	381184191	524288
int64	randomShuffleReads	JDK_HASH_MAP	1800000	340233052	524288
int64	randomShuffleFullReads	JDK_HASH_MAP	1800000	425305873	524288
int64	randomShuffleFullReadMisses	JDK_HASH_MAP	1800000	199287102	524288
int64	randomShuffleFullReadsAfterDeletingHalf	JDK_HASH_MAP	1800000	114086394	526936
int64	randomFullIteration	JDK_HASH_MAP	1800000	61319320	0
int64	randomShuffleInserts	JDK_LINKED_HASH_MAP	1800000	672221936	111306176
int64	randomShuffleFullInserts	JDK_LINKED_HASH_MAP	1800000	641429928	111420824
int64	randomShuffleFullDeletes	JDK_LINKED_HASH_MAP	1800000	708899226	526936
int64	randomShuffleReads	JDK_LINKED_HASH_MAP	1800000	356793453	524288
int64	randomShuffleFullReads	JDK_LINKED_HASH_MAP	1800000	395540180	524288
int64	randomShuffleFullReadMisses	JDK_LINKED_HASH_MAP	1800000	159291824	524288
int64	randomShuffleFullReadsAfterDeletingHalf	JDK_LINKED_HASH_MAP	1800000	113449985	526936
int64	randomFullIteration	JDK_LINKED_HASH_MAP	1800000	7929168	0
int64	randomShuffleInserts	JDK_TREE_MAP	1800000	2316696005	72351744
int64	randomShuffleFullInserts	JDK_TREE_MAP	1800000	2091955487	72351744
int64	randomShuffleFullDeletes	JDK_TREE_MAP	1800000	2456526923	524288
int64	randomShuffleReads	JDK_TREE_MAP	1800000	2873945263	526936
int64	randomShuffleFullReads	JDK_TREE_MAP	1800000	2898556502	524288
int64	randomShuffleFullReadMisses	JDK_TREE_MAP	1800000	3326130055	524288
int64	randomShuffleFullReadsAfterDeletingHalf	JDK_TREE_MAP	1800000	119908108	524288
int64	randomFullIteration	JDK_TREE_MAP	1800000	196293134	0
int64	randomShuffleInserts	JDK_HASH_MAP	1600000	563312286	90462320
int64	randomShuffleFullInserts	JDK_HASH_MAP	1600000	536907629	90569672
int64	randomShuffleFullDeletes	JDK_HASH_MAP	1600000	399263282	524288
int64	randomShuffleReads	JDK_HASH_MAP	1600000	293204966	524288
int64	randomShuffleFullReads	JDK_HASH_MAP	1600000	375579824	524288
int64	randomShuffleFullReadMisses	JDK_HASH_MAP	1600000	127602797	524288
int64	randomShuffleFullReadsAfterDeletingHalf	JDK_HASH_MAP	1600000	102039446	524288
int64	randomFullIteration	JDK_HASH_MAP	1600000	51544782	2648
int64	randomShuffleInserts	JDK_LINKED_HASH_MAP	1600000	601946345	103459792
int64	randomShuffleFullInserts	JDK_LINKED_HASH_MAP	1600000	603576140	103597376
int64	randomShuffleFullDeletes	JDK_LINKED_HASH_MAP	1600000	644722984	524288
int64	randomShuffleReads	JDK_LINKED_HASH_MAP	1600000	382648912	524288
int64	randomShuffleFullReads	JDK_LINKED_HASH_MAP	1600000	312454212	524288
int64	randomShuffleFullReadMisses	JDK_LINKED_HASH_MAP	1600000	173537550	524288
int64	randomShuffleFullReadsAfterDeletingHalf	JDK_LINKED_HASH_MAP	1600000	106132410	524288
int64	randomFullIteration	JDK_LINKED_HASH_MAP	1600000	6887683	0
int64	randomShuffleInserts	JDK_TREE_MAP	1600000	2192142662	64489472
int64	randomShuffleFullInserts	JDK_TREE_MAP	1600000	2177734954	64489472
int64	randomShuffleFullDeletes	JDK_TREE_MAP	1600000	2420138701	526936
int64	randomShuffleReads	JDK_TREE_MAP	1600000	2393407717	524288
int64	randomShuffleFullReads	JDK_TREE_MAP	1600000	2483119446	526936
int64	randomShuffleFullReadMisses	JDK_TREE_MAP	1600000	2778735778	526936
int64	randomShuffleFullReadsAfterDeletingHalf	JDK_TREE_MAP	1600000	101221245	524288
int64	randomFullIteration	JDK_TREE_MAP	1600000	207800371	0
int64	randomShuffleInserts	JDK_HASH_MAP	1400000	311504185	66343008
int64	randomShuffleFullInserts	JDK_HASH_MAP	1400000	330727761	66452424
int64	randomShuffleFullDeletes	JDK_HASH_MAP	1400000	333032441	526936
int64	randomShuffleReads	JDK_HASH_MAP	1400000	336746532	524288
int64	randomShuffleFullReads	JDK_HASH_MAP	1400000	337030050	524288
int64	randomShuffleFullReadMisses	JDK_HASH_MAP	1400000	165496313	524288
int64	randomShuffleFullReadsAfterDeletingHalf	JDK_HASH_MAP	1400000	86244021	524288
int64	randomFullIteration	JDK_HASH_MAP	1400000	44582682	0
int64	randomShuffleInserts	JDK_LINKED_HASH_MAP	1400000	378313740	77767456
int64	randomShuffleFullInserts	JDK_LINKED_HASH_MAP	1400000	389489524	77866392
int64	randomShuffleFullDeletes	JDK_LINKED_HASH_MAP	1400000	557781782	524288
int64	randomShuffleReads	JDK_LINKED_HASH_MAP	1400000	312422289	526936
int64	randomShuffleFullReads	JDK_LINKED_HASH_MAP	1400000	333137156	524288
int64	randomShuffleFullReadMisses	JDK_LINKED_HASH_MAP	1400000	176910534	524288
int64	randomShuffleFullReadsAfterDeletingHalf	JDK_LINKED_HASH_MAP	1400000	87837931	524288
int64	randomFullIteration	JDK_LINKED_HASH_MAP	1400000	5377519	0
int64	randomShuffleInserts	JDK_TREE_MAP	1400000	1823554025	56100864
int64	randomShuffleFullInserts	JDK_TREE_MAP	1400000	1820943969	56100864
int64	randomShuffleFullDeletes	JDK_TREE_MAP	1400000	2095776229	524288
int64	randomShuffleReads	JDK_TREE_MAP	1400000	2078475372	524288
int64	randomShuffleFullReads	JDK_TREE_MAP	1400000	2068751229	526936
int64	randomShuffleFullReadMisses	JDK_TREE_MAP	1400000	2455344859	524288
int64	randomShuffleFullReadsAfterDeletingHalf	JDK_TREE_MAP	1400000	88966080	524288
int64	randomFullIteration	JDK_TREE_MAP	1400000	175891611	0
int64	randomShuffleInserts	JDK_HASH_MAP	1200000	272989581	60053616
int64	randomShuffleFullInserts	JDK_HASH_MAP	1200000	302095250	60131472
int64	randomShuffleFullDeletes	JDK_HASH_MAP	1200000	306057802	524288
int64	randomShuffleReads	JDK_HASH_MAP	1200000	255108221	524288
int64	randomShuffleFullReads	JDK_HASH_MAP	1200000	265395340	526936
int64	randomShuffleFullReadMisses	JDK_HASH_MAP	1200000	129459224	524288
int64	randomShuffleFullReadsAfterDeletingHalf	JDK_HASH_MAP	1200000	70374242	524288
int64	randomFullIteration	JDK_HASH_MAP	1200000	38270799	0
int64	randomShuffleInserts	JDK_LINKED_HASH_MAP	1200000	331275473	69386704
int64	randomShuffleFullInserts	JDK_LINKED_HASH_MAP	1200000	336408026	69438960
int64	randomShuffleFullDeletes	JDK_LINKED_HASH_MAP	1200000	464007045	524288
int64	randomShuffleReads	JDK_LINKED_HASH_MAP	1200000	283992392	524288
int64	randomShuffleFullReads	JDK_LINKED_HASH_MAP	1200000	275825667	524288
int64	randomShuffleFullReadMisses	JDK_LINKED_HASH_MAP	1200000	111582702	524288
int64	randomShuffleFullReadsAfterDeletingHalf	JDK_LINKED_HASH_MAP	1200000	65145717	526936
int64	randomFullIteration	JDK_LINKED_HASH_MAP	1200000	4619383	0
int64	randomShuffleInserts	JDK_TREE_MAP	1200000	1252087278	48234496
int64	randomShuffleFullInserts	JDK_TREE_MAP	1200000	1510666889	48234496
int64	randomShuffleFullDeletes	JDK_TREE_MAP	1200000	1712969990	526936
int64	randomShuffleReads	JDK_TREE_MAP	1200000	1701495125	524288
int64	randomShuffleFullReads	JDK_TREE_MAP	1200000	1619582324	526936
int64	randomShuffleFullReadMisses	JDK_TREE_MAP	1200000	1852121202	524288
int64	randomShuffleFullReadsAfterDeletingHalf	JDK_TREE_MAP	1200000	61206758	524288
int64	randomFullIteration	JDK_TREE_MAP	1200000	150905532	2648
int64	randomShuffleInserts	JDK_HASH_MAP	1000000	259254574	53762160
int64	randomShuffleFullInserts	JDK_HASH_MAP	1000000	265682485	53840016
int64	randomShuffleFullDeletes	JDK_HASH_MAP	1000000	230028348	524288
int64	randomShuffleReads	JDK_HASH_MAP	1000000	218919234	524288
int64	randomShuffleFullReads	JDK_HASH_MAP	1000000	220199895	526936
int64	randomShuffleFullReadMisses	JDK_HASH_MAP	1000000	101323622	524288
int64	randomShuffleFullReadsAfterDeletingHalf	JDK_HASH_MAP	1000000	56159390	524288
int64	randomFullIteration	JDK_HASH_MAP	1000000	29924529	0
int64	randomShuffleInserts	JDK_LINKED_HASH_MAP	1000000	294517854	61516576
int64	randomShuffleFullInserts	JDK_LINKED_HASH_MAP	1000000	312346350	61576688
int64	randomShuffleFullDeletes	JDK_LINKED_HASH_MAP	1000000	373693569	524288
int64	randomShuffleReads	JDK_LINKED_HASH_MAP	1000000	222902845	524288
int64	randomShuffleFullReads	JDK_LINKED_HASH_MAP	1000000	222048200	524288
int64	randomShuffleFullReadMisses	JDK_LINKED_HASH_MAP	1000000	103739612	524288
int64	randomShuffleFullReadsAfterDeletingHalf	JDK_LINKED_HASH_MAP	1000000	58114223	524288
int64	randomFullIteration	JDK_LINKED_HASH_MAP	1000000	5288190	2648
int64	randomShuffleInserts	JDK_TREE_MAP	1000000	1117160096	40372224
int64	randomShuffleFullInserts	JDK_TREE_MAP	1000000	1194914233	40372224
int64	randomShuffleFullDeletes	JDK_TREE_MAP	1000000	1342307653	526936
int64	randomShuffleReads	JDK_TREE_MAP	1000000	1326527028	524288
int64	randomShuffleFullReads	JDK_TREE_MAP	1000000	1323005188	524288
int64	randomShuffleFullReadMisses	JDK_TREE_MAP	1000000	1516324602	524288
int64	randomShuffleFullReadsAfterDeletingHalf	JDK_TREE_MAP	1000000	55302423	524288
int64	randomFullIteration	JDK_TREE_MAP	1000000	119969431	0
int64	randomShuffleInserts	JDK_HASH_MAP	800000	233572257	46944368
int64	randomShuffleFullInserts	JDK_HASH_MAP	800000	234121271	47022224
int64	randomShuffleFullDeletes	JDK_HASH_MAP	800000	177871144	524288
int64	randomShuffleReads	JDK_HASH_MAP	800000	168379459	524288
int64	randomShuffleFullReads	JDK_HASH_MAP	800000	165834833	524288
int64	randomShuffleFullReadMisses	JDK_HASH_MAP	800000	65369813	524288
int64	randomShuffleFullReadsAfterDeletingHalf	JDK_HASH_MAP	800000	42686659	524288
int64	randomFullIteration	JDK_HASH_MAP	800000	24801008	0
int64	randomShuffleInserts	JDK_LINKED_HASH_MAP	800000	229514092	53642352
int64	randomShuffleFullInserts	JDK_LINKED_HASH_MAP	800000	258751533	53749144
int64	randomShuffleFullDeletes	JDK_LINKED_HASH_MAP	800000	283669856	524288
int64	randomShuffleReads	JDK_LINKED_HASH_MAP	800000	173425347	524288
int64	randomShuffleFullReads	JDK_LINKED_HASH_MAP	800000	171864741	526936
int64	randomShuffleFullReadMisses	JDK_LINKED_HASH_MAP	800000	70167562	524288
int64	randomShuffleFullReadsAfterDeletingHalf	JDK_LINKED_HASH_MAP	800000	41110202	524288
int64	randomFullIteration	JDK_LINKED_HASH_MAP	800000	5042338	0
int64	randomShuffleInserts	JDK_TREE_MAP	800000	833711130	32505856
int64	randomShuffleFullInserts	JDK_TREE_MAP	800000	842864151	32505856
int64	randomShuffleFullDeletes	JDK_TREE_MAP	800000	992464309	524288
int64	randomShuffleReads	JDK_TREE_MAP	800000	967052113	524288
int64	randomShuffleFullReads	JDK_TREE_MAP	800000	965754375	526936
int64	randomShuffleFullReadMisses	JDK_TREE_MAP	800000	1024658120	524288
int64	randomShuffleFullReadsAfterDeletingHalf	JDK_TREE_MAP	800000	61802006	524288
int64	randomFullIteration	JDK_TREE_MAP	800000	94689039	2648
int64	randomShuffleInserts	JDK_HASH_MAP	600000	173929894	31211600
int64	randomShuffleFullInserts	JDK_HASH_MAP	600000	148575820	31323080
int64	randomShuffleFullDeletes	JDK_HASH_MAP	600000	121874640	524288
int64	randomShuffleReads	JDK_HASH_MAP	600000	98542252	524288
int64	randomShuffleFullReads	JDK_HASH_MAP	600000	99998089	526936
int64	randomShuffleFullReadMisses	JDK_HASH_MAP	600000	48402117	524288
int64	randomShuffleFullReadsAfterDeletingHalf	JDK_HASH_MAP	600000	34485866	524288
int64	randomFullIteration	JDK_HASH_MAP	600000	21912807	0
int64	randomShuffleInserts	JDK_LINKED_HASH_MAP	600000	147757066	36342896
int64	randomShuffleFullInserts	JDK_LINKED_HASH_MAP	600000	139041559	36449688
int64	randomShuffleFullDeletes	JDK_LINKED_HASH_MAP	600000	177787271	526936
int64	randomShuffleReads	JDK_LINKED_HASH_MAP	600000	104751030	524288
int64	randomShuffleFullReads	JDK_LINKED_HASH_MAP	600000	106954012	524288
int64	randomShuffleFullReadMisses	JDK_LINKED_HASH_MAP	600000	55417793	524288
int64	randomShuffleFullReadsAfterDeletingHalf	JDK_LINKED_HASH_MAP	600000	35190168	524288
int64	randomFullIteration	JDK_LINKED_HASH_MAP	600000	2614406	2648
int64	randomShuffleInserts	JDK_TREE_MAP	600000	512592102	24117248
int64	randomShuffleFullInserts	JDK_TREE_MAP	600000	467336740	24117248
int64	randomShuffleFullDeletes	JDK_TREE_MAP	600000	682869513	524288
int64	randomShuffleReads	JDK_TREE_MAP	600000	647588433	526936
int64	randomShuffleFullReads	JDK_TREE_MAP	600000	653401203	524288
int64	randomShuffleFullReadMisses	JDK_TREE_MAP	600000	619432228	524288
int64	randomShuffleFullReadsAfterDeletingHalf	JDK_TREE_MAP	600000	29349143	526936
int64	randomFullIteration	JDK_TREE_MAP	600000	62464211	0
int64	randomShuffleInserts	JDK_HASH_MAP	400000	90111607	24924272
int64	randomShuffleFullInserts	JDK_HASH_MAP	400000	104412838	25002128
int64	randomShuffleFullDeletes	JDK_HASH_MAP	400000	79481043	524288
int64	randomShuffleReads	JDK_HASH_MAP	400000	76801140	526936
int64	randomShuffleFullReads	JDK_HASH_MAP	400000	71778281	524288
int64	randomShuffleFullReadMisses	JDK_HASH_MAP	400000	25201122	524288
int64	randomShuffleFullReadsAfterDeletingHalf	JDK_HASH_MAP	400000	16290521	524288
int64	randomFullIteration	JDK_HASH_MAP	400000	9631908	0
int64	randomShuffleInserts	JDK_LINKED_HASH_MAP	400000	108750312	27962144
int64	randomShuffleFullInserts	JDK_LINKED_HASH_MAP	400000	117936504	28061080
int64	randomShuffleFullDeletes	JDK_LINKED_HASH_MAP	400000	118220115	524288
int64	randomShuffleReads	JDK_LINKED_HASH_MAP	400000	68833899	524288
int64	randomShuffleFullReads	JDK_LINKED_HASH_MAP	400000	70085413	524288
int64	randomShuffleFullReadMisses	JDK_LINKED_HASH_MAP	400000	25475166	524288
int64	randomShuffleFullReadsAfterDeletingHalf	JDK_LINKED_HASH_MAP	400000	19065231	524288
int64	randomFullIteration	JDK_LINKED_HASH_MAP	400000	1684812	2648
int64	randomShuffleInserts	JDK_TREE_MAP	400000	285791995	16254976
int64	randomShuffleFullInserts	JDK_TREE_MAP	400000	285943706	16254976
int64	randomShuffleFullDeletes	JDK_TREE_MAP	400000	398707080	524288
int64	randomShuffleReads	JDK_TREE_MAP	400000	363391465	524288
int64	randomShuffleFullReads	JDK_TREE_MAP	400000	411837792	526936
int64	randomShuffleFullReadMisses	JDK_TREE_MAP	400000	449167969	524288
int64	randomShuffleFullReadsAfterDeletingHalf	JDK_TREE_MAP	400000	14778769	524288
int64	randomFullIteration	JDK_TREE_MAP	400000	33732150	0
int64	randomShuffleInserts	JDK_HASH_MAP	200000	31783116	13392000
int64	randomShuffleFullInserts	JDK_HASH_MAP	200000	31388805	13497288
int64	randomShuffleFullDeletes	JDK_HASH_MAP	200000	24030224	524288
int64	randomShuffleReads	JDK_HASH_MAP	200000	25980972	524288
int64	randomShuffleFullReads	JDK_HASH_MAP	200000	26737918	524288
int64	randomShuffleFullReadMisses	JDK_HASH_MAP	200000	8530052	524288
int64	randomShuffleFullReadsAfterDeletingHalf	JDK_HASH_MAP	200000	4579470	524288
int64	randomFullIteration	JDK_HASH_MAP	200000	4686955	0
int64	randomShuffleInserts	JDK_LINKED_HASH_MAP	200000	46502916	14845040
int64	randomShuffleFullInserts	JDK_LINKED_HASH_MAP	200000	37349996	14874224
int64	randomShuffleFullDeletes	JDK_LINKED_HASH_MAP	200000	42342788	524288
int64	randomShuffleReads	JDK_LINKED_HASH_MAP	200000	26555626	524288
int64	randomShuffleFullReads	JDK_LINKED_HASH_MAP	200000	28083996	524288
int64	randomShuffleFullReadMisses	JDK_LINKED_HASH_MAP	200000	9695780	524288
int64	randomShuffleFullReadsAfterDeletingHalf	JDK_LINKED_HASH_MAP	200000	4448309	526936
int64	randomFullIteration	JDK_LINKED_HASH_MAP	200000	925563	0
int64	randomShuffleInserts	JDK_TREE_MAP	200000	102965308	8388608
int64	randomShuffleFullInserts	JDK_TREE_MAP	200000	99596844	8388608
int64	randomShuffleFullDeletes	JDK_TREE_MAP	200000	126726702	524288
int64	randomShuffleReads	JDK_TREE_MAP	200000	117617680	524288
int64	randomShuffleFullReads	JDK_TREE_MAP	200000	121867911	524288
int64	randomShuffleFullReadMisses	JDK_TREE_MAP	200000	141594377	524288
int64	randomShuffleFullReadsAfterDeletingHalf	JDK_TREE_MAP	200000	5371480	524288
int64	randomFullIteration	JDK_TREE_MAP	200000	11759246	0
